ID,A,B,NEITHER
development-1,0.33333,0.33333,0.33333
development-2,0.33333,0.33333,0.33333
development-3,0.33333,0.33333,0.33333
development-4,0.33333,0.33333,0.33333
development-5,0.33333,0.33333,0.33333
development-6,0.33333,0.33333,0.33333
development-7,0.33333,0.33333,0.33333
development-8,0.33333,0.33333,0.33333
development-9,0.33333,0.33333,0.33333
development-10,0.33333,0.33333,0.33333
development-11,0.33333,0.33333,0.33333
development-12,0.33333,0.33333,0.33333
development-13,0.33333,0.33333,0.33333
development-14,0.33333,0.33333,0.33333
development-15,0.33333,0.33333,0.33333
development-16,0.33333,0.33333,0.33333
development-17,0.33333,0.33333,0.33333
development-18,0.33333,0.33333,0.33333
development-19,0.33333,0.33333,0.33333
development-20,0.33333,0.33333,0.33333
development-21,0.33333,0.33333,0.33333
development-22,0.33333,0.33333,0.33333
development-23,0.33333,0.33333,0.33333
development-24,0.33333,0.33333,0.33333
development-25,0.33333,0.33333,0.33333
development-26,0.33333,0.33333,0.33333
development-27,0.33333,0.33333,0.33333
development-28,0.33333,0.33333,0.33333
development-29,0.33333,0.33333,0.33333
development-30,0.33333,0.33333,0.33333
development-31,0.33333,0.33333,0.33333
development-32,0.33333,0.33333,0.33333
development-33,0.33333,0.33333,0.33333
development-34,0.33333,0.33333,0.33333
development-35,0.33333,0.33333,0.33333
development-36,0.33333,0.33333,0.33333
development-37,0.33333,0.33333,0.33333
development-38,0.33333,0.33333,0.33333
development-39,0.33333,0.33333,0.33333
development-40,0.33333,0.33333,0.33333
development-41,0.33333,0.33333,0.33333
development-42,0.33333,0.33333,0.33333
development-43,0.33333,0.33333,0.33333
development-44,0.33333,0.33333,0.33333
development-45,0.33333,0.33333,0.33333
development-46,0.33333,0.33333,0.33333
development-47,0.33333,0.33333,0.33333
development-48,0.33333,0.33333,0.33333
development-49,0.33333,0.33333,0.33333
development-50,0.33333,0.33333,0.33333
development-51,0.33333,0.33333,0.33333
development-52,0.33333,0.33333,0.33333
development-53,0.33333,0.33333,0.33333
development-54,0.33333,0.33333,0.33333
development-55,0.33333,0.33333,0.33333
development-56,0.33333,0.33333,0.33333
development-57,0.33333,0.33333,0.33333
development-58,0.33333,0.33333,0.33333
development-59,0.33333,0.33333,0.33333
development-60,0.33333,0.33333,0.33333
development-61,0.33333,0.33333,0.33333
development-62,0.33333,0.33333,0.33333
development-63,0.33333,0.33333,0.33333
development-64,0.33333,0.33333,0.33333
development-65,0.33333,0.33333,0.33333
development-66,0.33333,0.33333,0.33333
development-67,0.33333,0.33333,0.33333
development-68,0.33333,0.33333,0.33333
development-69,0.33333,0.33333,0.33333
development-70,0.33333,0.33333,0.33333
development-71,0.33333,0.33333,0.33333
development-72,0.33333,0.33333,0.33333
development-73,0.33333,0.33333,0.33333
development-74,0.33333,0.33333,0.33333
development-75,0.33333,0.33333,0.33333
development-76,0.33333,0.33333,0.33333
development-77,0.33333,0.33333,0.33333
development-78,0.33333,0.33333,0.33333
development-79,0.33333,0.33333,0.33333
development-80,0.33333,0.33333,0.33333
development-81,0.33333,0.33333,0.33333
development-82,0.33333,0.33333,0.33333
development-83,0.33333,0.33333,0.33333
development-84,0.33333,0.33333,0.33333
development-85,0.33333,0.33333,0.33333
development-86,0.33333,0.33333,0.33333
development-87,0.33333,0.33333,0.33333
development-88,0.33333,0.33333,0.33333
development-89,0.33333,0.33333,0.33333
development-90,0.33333,0.33333,0.33333
development-91,0.33333,0.33333,0.33333
development-92,0.33333,0.33333,0.33333
development-93,0.33333,0.33333,0.33333
development-94,0.33333,0.33333,0.33333
development-95,0.33333,0.33333,0.33333
development-96,0.33333,0.33333,0.33333
development-97,0.33333,0.33333,0.33333
development-98,0.33333,0.33333,0.33333
development-99,0.33333,0.33333,0.33333
development-100,0.33333,0.33333,0.33333
development-101,0.33333,0.33333,0.33333
development-102,0.33333,0.33333,0.33333
development-103,0.33333,0.33333,0.33333
development-104,0.33333,0.33333,0.33333
development-105,0.33333,0.33333,0.33333
development-106,0.33333,0.33333,0.33333
development-107,0.33333,0.33333,0.33333
development-108,0.33333,0.33333,0.33333
development-109,0.33333,0.33333,0.33333
development-110,0.33333,0.33333,0.33333
development-111,0.33333,0.33333,0.33333
development-112,0.33333,0.33333,0.33333
development-113,0.33333,0.33333,0.33333
development-114,0.33333,0.33333,0.33333
development-115,0.33333,0.33333,0.33333
development-116,0.33333,0.33333,0.33333
development-117,0.33333,0.33333,0.33333
development-118,0.33333,0.33333,0.33333
development-119,0.33333,0.33333,0.33333
development-120,0.33333,0.33333,0.33333
development-121,0.33333,0.33333,0.33333
development-122,0.33333,0.33333,0.33333
development-123,0.33333,0.33333,0.33333
development-124,0.33333,0.33333,0.33333
development-125,0.33333,0.33333,0.33333
development-126,0.33333,0.33333,0.33333
development-127,0.33333,0.33333,0.33333
development-128,0.33333,0.33333,0.33333
development-129,0.33333,0.33333,0.33333
development-130,0.33333,0.33333,0.33333
development-131,0.33333,0.33333,0.33333
development-132,0.33333,0.33333,0.33333
development-133,0.33333,0.33333,0.33333
development-134,0.33333,0.33333,0.33333
development-135,0.33333,0.33333,0.33333
development-136,0.33333,0.33333,0.33333
development-137,0.33333,0.33333,0.33333
development-138,0.33333,0.33333,0.33333
development-139,0.33333,0.33333,0.33333
development-140,0.33333,0.33333,0.33333
development-141,0.33333,0.33333,0.33333
development-142,0.33333,0.33333,0.33333
development-143,0.33333,0.33333,0.33333
development-144,0.33333,0.33333,0.33333
development-145,0.33333,0.33333,0.33333
development-146,0.33333,0.33333,0.33333
development-147,0.33333,0.33333,0.33333
development-148,0.33333,0.33333,0.33333
development-149,0.33333,0.33333,0.33333
development-150,0.33333,0.33333,0.33333
development-151,0.33333,0.33333,0.33333
development-152,0.33333,0.33333,0.33333
development-153,0.33333,0.33333,0.33333
development-154,0.33333,0.33333,0.33333
development-155,0.33333,0.33333,0.33333
development-156,0.33333,0.33333,0.33333
development-157,0.33333,0.33333,0.33333
development-158,0.33333,0.33333,0.33333
development-159,0.33333,0.33333,0.33333
development-160,0.33333,0.33333,0.33333
development-161,0.33333,0.33333,0.33333
development-162,0.33333,0.33333,0.33333
development-163,0.33333,0.33333,0.33333
development-164,0.33333,0.33333,0.33333
development-165,0.33333,0.33333,0.33333
development-166,0.33333,0.33333,0.33333
development-167,0.33333,0.33333,0.33333
development-168,0.33333,0.33333,0.33333
development-169,0.33333,0.33333,0.33333
development-170,0.33333,0.33333,0.33333
development-171,0.33333,0.33333,0.33333
development-172,0.33333,0.33333,0.33333
development-173,0.33333,0.33333,0.33333
development-174,0.33333,0.33333,0.33333
development-175,0.33333,0.33333,0.33333
development-176,0.33333,0.33333,0.33333
development-177,0.33333,0.33333,0.33333
development-178,0.33333,0.33333,0.33333
development-179,0.33333,0.33333,0.33333
development-180,0.33333,0.33333,0.33333
development-181,0.33333,0.33333,0.33333
development-182,0.33333,0.33333,0.33333
development-183,0.33333,0.33333,0.33333
development-184,0.33333,0.33333,0.33333
development-185,0.33333,0.33333,0.33333
development-186,0.33333,0.33333,0.33333
development-187,0.33333,0.33333,0.33333
development-188,0.33333,0.33333,0.33333
development-189,0.33333,0.33333,0.33333
development-190,0.33333,0.33333,0.33333
development-191,0.33333,0.33333,0.33333
development-192,0.33333,0.33333,0.33333
development-193,0.33333,0.33333,0.33333
development-194,0.33333,0.33333,0.33333
development-195,0.33333,0.33333,0.33333
development-196,0.33333,0.33333,0.33333
development-197,0.33333,0.33333,0.33333
development-198,0.33333,0.33333,0.33333
development-199,0.33333,0.33333,0.33333
development-200,0.33333,0.33333,0.33333
development-201,0.33333,0.33333,0.33333
development-202,0.33333,0.33333,0.33333
development-203,0.33333,0.33333,0.33333
development-204,0.33333,0.33333,0.33333
development-205,0.33333,0.33333,0.33333
development-206,0.33333,0.33333,0.33333
development-207,0.33333,0.33333,0.33333
development-208,0.33333,0.33333,0.33333
development-209,0.33333,0.33333,0.33333
development-210,0.33333,0.33333,0.33333
development-211,0.33333,0.33333,0.33333
development-212,0.33333,0.33333,0.33333
development-213,0.33333,0.33333,0.33333
development-214,0.33333,0.33333,0.33333
development-215,0.33333,0.33333,0.33333
development-216,0.33333,0.33333,0.33333
development-217,0.33333,0.33333,0.33333
development-218,0.33333,0.33333,0.33333
development-219,0.33333,0.33333,0.33333
development-220,0.33333,0.33333,0.33333
development-221,0.33333,0.33333,0.33333
development-222,0.33333,0.33333,0.33333
development-223,0.33333,0.33333,0.33333
development-224,0.33333,0.33333,0.33333
development-225,0.33333,0.33333,0.33333
development-226,0.33333,0.33333,0.33333
development-227,0.33333,0.33333,0.33333
development-228,0.33333,0.33333,0.33333
development-229,0.33333,0.33333,0.33333
development-230,0.33333,0.33333,0.33333
development-231,0.33333,0.33333,0.33333
development-232,0.33333,0.33333,0.33333
development-233,0.33333,0.33333,0.33333
development-234,0.33333,0.33333,0.33333
development-235,0.33333,0.33333,0.33333
development-236,0.33333,0.33333,0.33333
development-237,0.33333,0.33333,0.33333
development-238,0.33333,0.33333,0.33333
development-239,0.33333,0.33333,0.33333
development-240,0.33333,0.33333,0.33333
development-241,0.33333,0.33333,0.33333
development-242,0.33333,0.33333,0.33333
development-243,0.33333,0.33333,0.33333
development-244,0.33333,0.33333,0.33333
development-245,0.33333,0.33333,0.33333
development-246,0.33333,0.33333,0.33333
development-247,0.33333,0.33333,0.33333
development-248,0.33333,0.33333,0.33333
development-249,0.33333,0.33333,0.33333
development-250,0.33333,0.33333,0.33333
development-251,0.33333,0.33333,0.33333
development-252,0.33333,0.33333,0.33333
development-253,0.33333,0.33333,0.33333
development-254,0.33333,0.33333,0.33333
development-255,0.33333,0.33333,0.33333
development-256,0.33333,0.33333,0.33333
development-257,0.33333,0.33333,0.33333
development-258,0.33333,0.33333,0.33333
development-259,0.33333,0.33333,0.33333
development-260,0.33333,0.33333,0.33333
development-261,0.33333,0.33333,0.33333
development-262,0.33333,0.33333,0.33333
development-263,0.33333,0.33333,0.33333
development-264,0.33333,0.33333,0.33333
development-265,0.33333,0.33333,0.33333
development-266,0.33333,0.33333,0.33333
development-267,0.33333,0.33333,0.33333
development-268,0.33333,0.33333,0.33333
development-269,0.33333,0.33333,0.33333
development-270,0.33333,0.33333,0.33333
development-271,0.33333,0.33333,0.33333
development-272,0.33333,0.33333,0.33333
development-273,0.33333,0.33333,0.33333
development-274,0.33333,0.33333,0.33333
development-275,0.33333,0.33333,0.33333
development-276,0.33333,0.33333,0.33333
development-277,0.33333,0.33333,0.33333
development-278,0.33333,0.33333,0.33333
development-279,0.33333,0.33333,0.33333
development-280,0.33333,0.33333,0.33333
development-281,0.33333,0.33333,0.33333
development-282,0.33333,0.33333,0.33333
development-283,0.33333,0.33333,0.33333
development-284,0.33333,0.33333,0.33333
development-285,0.33333,0.33333,0.33333
development-286,0.33333,0.33333,0.33333
development-287,0.33333,0.33333,0.33333
development-288,0.33333,0.33333,0.33333
development-289,0.33333,0.33333,0.33333
development-290,0.33333,0.33333,0.33333
development-291,0.33333,0.33333,0.33333
development-292,0.33333,0.33333,0.33333
development-293,0.33333,0.33333,0.33333
development-294,0.33333,0.33333,0.33333
development-295,0.33333,0.33333,0.33333
development-296,0.33333,0.33333,0.33333
development-297,0.33333,0.33333,0.33333
development-298,0.33333,0.33333,0.33333
development-299,0.33333,0.33333,0.33333
development-300,0.33333,0.33333,0.33333
development-301,0.33333,0.33333,0.33333
development-302,0.33333,0.33333,0.33333
development-303,0.33333,0.33333,0.33333
development-304,0.33333,0.33333,0.33333
development-305,0.33333,0.33333,0.33333
development-306,0.33333,0.33333,0.33333
development-307,0.33333,0.33333,0.33333
development-308,0.33333,0.33333,0.33333
development-309,0.33333,0.33333,0.33333
development-310,0.33333,0.33333,0.33333
development-311,0.33333,0.33333,0.33333
development-312,0.33333,0.33333,0.33333
development-313,0.33333,0.33333,0.33333
development-314,0.33333,0.33333,0.33333
development-315,0.33333,0.33333,0.33333
development-316,0.33333,0.33333,0.33333
development-317,0.33333,0.33333,0.33333
development-318,0.33333,0.33333,0.33333
development-319,0.33333,0.33333,0.33333
development-320,0.33333,0.33333,0.33333
development-321,0.33333,0.33333,0.33333
development-322,0.33333,0.33333,0.33333
development-323,0.33333,0.33333,0.33333
development-324,0.33333,0.33333,0.33333
development-325,0.33333,0.33333,0.33333
development-326,0.33333,0.33333,0.33333
development-327,0.33333,0.33333,0.33333
development-328,0.33333,0.33333,0.33333
development-329,0.33333,0.33333,0.33333
development-330,0.33333,0.33333,0.33333
development-331,0.33333,0.33333,0.33333
development-332,0.33333,0.33333,0.33333
development-333,0.33333,0.33333,0.33333
development-334,0.33333,0.33333,0.33333
development-335,0.33333,0.33333,0.33333
development-336,0.33333,0.33333,0.33333
development-337,0.33333,0.33333,0.33333
development-338,0.33333,0.33333,0.33333
development-339,0.33333,0.33333,0.33333
development-340,0.33333,0.33333,0.33333
development-341,0.33333,0.33333,0.33333
development-342,0.33333,0.33333,0.33333
development-343,0.33333,0.33333,0.33333
development-344,0.33333,0.33333,0.33333
development-345,0.33333,0.33333,0.33333
development-346,0.33333,0.33333,0.33333
development-347,0.33333,0.33333,0.33333
development-348,0.33333,0.33333,0.33333
development-349,0.33333,0.33333,0.33333
development-350,0.33333,0.33333,0.33333
development-351,0.33333,0.33333,0.33333
development-352,0.33333,0.33333,0.33333
development-353,0.33333,0.33333,0.33333
development-354,0.33333,0.33333,0.33333
development-355,0.33333,0.33333,0.33333
development-356,0.33333,0.33333,0.33333
development-357,0.33333,0.33333,0.33333
development-358,0.33333,0.33333,0.33333
development-359,0.33333,0.33333,0.33333
development-360,0.33333,0.33333,0.33333
development-361,0.33333,0.33333,0.33333
development-362,0.33333,0.33333,0.33333
development-363,0.33333,0.33333,0.33333
development-364,0.33333,0.33333,0.33333
development-365,0.33333,0.33333,0.33333
development-366,0.33333,0.33333,0.33333
development-367,0.33333,0.33333,0.33333
development-368,0.33333,0.33333,0.33333
development-369,0.33333,0.33333,0.33333
development-370,0.33333,0.33333,0.33333
development-371,0.33333,0.33333,0.33333
development-372,0.33333,0.33333,0.33333
development-373,0.33333,0.33333,0.33333
development-374,0.33333,0.33333,0.33333
development-375,0.33333,0.33333,0.33333
development-376,0.33333,0.33333,0.33333
development-377,0.33333,0.33333,0.33333
development-378,0.33333,0.33333,0.33333
development-379,0.33333,0.33333,0.33333
development-380,0.33333,0.33333,0.33333
development-381,0.33333,0.33333,0.33333
development-382,0.33333,0.33333,0.33333
development-383,0.33333,0.33333,0.33333
development-384,0.33333,0.33333,0.33333
development-385,0.33333,0.33333,0.33333
development-386,0.33333,0.33333,0.33333
development-387,0.33333,0.33333,0.33333
development-388,0.33333,0.33333,0.33333
development-389,0.33333,0.33333,0.33333
development-390,0.33333,0.33333,0.33333
development-391,0.33333,0.33333,0.33333
development-392,0.33333,0.33333,0.33333
development-393,0.33333,0.33333,0.33333
development-394,0.33333,0.33333,0.33333
development-395,0.33333,0.33333,0.33333
development-396,0.33333,0.33333,0.33333
development-397,0.33333,0.33333,0.33333
development-398,0.33333,0.33333,0.33333
development-399,0.33333,0.33333,0.33333
development-400,0.33333,0.33333,0.33333
development-401,0.33333,0.33333,0.33333
development-402,0.33333,0.33333,0.33333
development-403,0.33333,0.33333,0.33333
development-404,0.33333,0.33333,0.33333
development-405,0.33333,0.33333,0.33333
development-406,0.33333,0.33333,0.33333
development-407,0.33333,0.33333,0.33333
development-408,0.33333,0.33333,0.33333
development-409,0.33333,0.33333,0.33333
development-410,0.33333,0.33333,0.33333
development-411,0.33333,0.33333,0.33333
development-412,0.33333,0.33333,0.33333
development-413,0.33333,0.33333,0.33333
development-414,0.33333,0.33333,0.33333
development-415,0.33333,0.33333,0.33333
development-416,0.33333,0.33333,0.33333
development-417,0.33333,0.33333,0.33333
development-418,0.33333,0.33333,0.33333
development-419,0.33333,0.33333,0.33333
development-420,0.33333,0.33333,0.33333
development-421,0.33333,0.33333,0.33333
development-422,0.33333,0.33333,0.33333
development-423,0.33333,0.33333,0.33333
development-424,0.33333,0.33333,0.33333
development-425,0.33333,0.33333,0.33333
development-426,0.33333,0.33333,0.33333
development-427,0.33333,0.33333,0.33333
development-428,0.33333,0.33333,0.33333
development-429,0.33333,0.33333,0.33333
development-430,0.33333,0.33333,0.33333
development-431,0.33333,0.33333,0.33333
development-432,0.33333,0.33333,0.33333
development-433,0.33333,0.33333,0.33333
development-434,0.33333,0.33333,0.33333
development-435,0.33333,0.33333,0.33333
development-436,0.33333,0.33333,0.33333
development-437,0.33333,0.33333,0.33333
development-438,0.33333,0.33333,0.33333
development-439,0.33333,0.33333,0.33333
development-440,0.33333,0.33333,0.33333
development-441,0.33333,0.33333,0.33333
development-442,0.33333,0.33333,0.33333
development-443,0.33333,0.33333,0.33333
development-444,0.33333,0.33333,0.33333
development-445,0.33333,0.33333,0.33333
development-446,0.33333,0.33333,0.33333
development-447,0.33333,0.33333,0.33333
development-448,0.33333,0.33333,0.33333
development-449,0.33333,0.33333,0.33333
development-450,0.33333,0.33333,0.33333
development-451,0.33333,0.33333,0.33333
development-452,0.33333,0.33333,0.33333
development-453,0.33333,0.33333,0.33333
development-454,0.33333,0.33333,0.33333
development-455,0.33333,0.33333,0.33333
development-456,0.33333,0.33333,0.33333
development-457,0.33333,0.33333,0.33333
development-458,0.33333,0.33333,0.33333
development-459,0.33333,0.33333,0.33333
development-460,0.33333,0.33333,0.33333
development-461,0.33333,0.33333,0.33333
development-462,0.33333,0.33333,0.33333
development-463,0.33333,0.33333,0.33333
development-464,0.33333,0.33333,0.33333
development-465,0.33333,0.33333,0.33333
development-466,0.33333,0.33333,0.33333
development-467,0.33333,0.33333,0.33333
development-468,0.33333,0.33333,0.33333
development-469,0.33333,0.33333,0.33333
development-470,0.33333,0.33333,0.33333
development-471,0.33333,0.33333,0.33333
development-472,0.33333,0.33333,0.33333
development-473,0.33333,0.33333,0.33333
development-474,0.33333,0.33333,0.33333
development-475,0.33333,0.33333,0.33333
development-476,0.33333,0.33333,0.33333
development-477,0.33333,0.33333,0.33333
development-478,0.33333,0.33333,0.33333
development-479,0.33333,0.33333,0.33333
development-480,0.33333,0.33333,0.33333
development-481,0.33333,0.33333,0.33333
development-482,0.33333,0.33333,0.33333
development-483,0.33333,0.33333,0.33333
development-484,0.33333,0.33333,0.33333
development-485,0.33333,0.33333,0.33333
development-486,0.33333,0.33333,0.33333
development-487,0.33333,0.33333,0.33333
development-488,0.33333,0.33333,0.33333
development-489,0.33333,0.33333,0.33333
development-490,0.33333,0.33333,0.33333
development-491,0.33333,0.33333,0.33333
development-492,0.33333,0.33333,0.33333
development-493,0.33333,0.33333,0.33333
development-494,0.33333,0.33333,0.33333
development-495,0.33333,0.33333,0.33333
development-496,0.33333,0.33333,0.33333
development-497,0.33333,0.33333,0.33333
development-498,0.33333,0.33333,0.33333
development-499,0.33333,0.33333,0.33333
development-500,0.33333,0.33333,0.33333
development-501,0.33333,0.33333,0.33333
development-502,0.33333,0.33333,0.33333
development-503,0.33333,0.33333,0.33333
development-504,0.33333,0.33333,0.33333
development-505,0.33333,0.33333,0.33333
development-506,0.33333,0.33333,0.33333
development-507,0.33333,0.33333,0.33333
development-508,0.33333,0.33333,0.33333
development-509,0.33333,0.33333,0.33333
development-510,0.33333,0.33333,0.33333
development-511,0.33333,0.33333,0.33333
development-512,0.33333,0.33333,0.33333
development-513,0.33333,0.33333,0.33333
development-514,0.33333,0.33333,0.33333
development-515,0.33333,0.33333,0.33333
development-516,0.33333,0.33333,0.33333
development-517,0.33333,0.33333,0.33333
development-518,0.33333,0.33333,0.33333
development-519,0.33333,0.33333,0.33333
development-520,0.33333,0.33333,0.33333
development-521,0.33333,0.33333,0.33333
development-522,0.33333,0.33333,0.33333
development-523,0.33333,0.33333,0.33333
development-524,0.33333,0.33333,0.33333
development-525,0.33333,0.33333,0.33333
development-526,0.33333,0.33333,0.33333
development-527,0.33333,0.33333,0.33333
development-528,0.33333,0.33333,0.33333
development-529,0.33333,0.33333,0.33333
development-530,0.33333,0.33333,0.33333
development-531,0.33333,0.33333,0.33333
development-532,0.33333,0.33333,0.33333
development-533,0.33333,0.33333,0.33333
development-534,0.33333,0.33333,0.33333
development-535,0.33333,0.33333,0.33333
development-536,0.33333,0.33333,0.33333
development-537,0.33333,0.33333,0.33333
development-538,0.33333,0.33333,0.33333
development-539,0.33333,0.33333,0.33333
development-540,0.33333,0.33333,0.33333
development-541,0.33333,0.33333,0.33333
development-542,0.33333,0.33333,0.33333
development-543,0.33333,0.33333,0.33333
development-544,0.33333,0.33333,0.33333
development-545,0.33333,0.33333,0.33333
development-546,0.33333,0.33333,0.33333
development-547,0.33333,0.33333,0.33333
development-548,0.33333,0.33333,0.33333
development-549,0.33333,0.33333,0.33333
development-550,0.33333,0.33333,0.33333
development-551,0.33333,0.33333,0.33333
development-552,0.33333,0.33333,0.33333
development-553,0.33333,0.33333,0.33333
development-554,0.33333,0.33333,0.33333
development-555,0.33333,0.33333,0.33333
development-556,0.33333,0.33333,0.33333
development-557,0.33333,0.33333,0.33333
development-558,0.33333,0.33333,0.33333
development-559,0.33333,0.33333,0.33333
development-560,0.33333,0.33333,0.33333
development-561,0.33333,0.33333,0.33333
development-562,0.33333,0.33333,0.33333
development-563,0.33333,0.33333,0.33333
development-564,0.33333,0.33333,0.33333
development-565,0.33333,0.33333,0.33333
development-566,0.33333,0.33333,0.33333
development-567,0.33333,0.33333,0.33333
development-568,0.33333,0.33333,0.33333
development-569,0.33333,0.33333,0.33333
development-570,0.33333,0.33333,0.33333
development-571,0.33333,0.33333,0.33333
development-572,0.33333,0.33333,0.33333
development-573,0.33333,0.33333,0.33333
development-574,0.33333,0.33333,0.33333
development-575,0.33333,0.33333,0.33333
development-576,0.33333,0.33333,0.33333
development-577,0.33333,0.33333,0.33333
development-578,0.33333,0.33333,0.33333
development-579,0.33333,0.33333,0.33333
development-580,0.33333,0.33333,0.33333
development-581,0.33333,0.33333,0.33333
development-582,0.33333,0.33333,0.33333
development-583,0.33333,0.33333,0.33333
development-584,0.33333,0.33333,0.33333
development-585,0.33333,0.33333,0.33333
development-586,0.33333,0.33333,0.33333
development-587,0.33333,0.33333,0.33333
development-588,0.33333,0.33333,0.33333
development-589,0.33333,0.33333,0.33333
development-590,0.33333,0.33333,0.33333
development-591,0.33333,0.33333,0.33333
development-592,0.33333,0.33333,0.33333
development-593,0.33333,0.33333,0.33333
development-594,0.33333,0.33333,0.33333
development-595,0.33333,0.33333,0.33333
development-596,0.33333,0.33333,0.33333
development-597,0.33333,0.33333,0.33333
development-598,0.33333,0.33333,0.33333
development-599,0.33333,0.33333,0.33333
development-600,0.33333,0.33333,0.33333
development-601,0.33333,0.33333,0.33333
development-602,0.33333,0.33333,0.33333
development-603,0.33333,0.33333,0.33333
development-604,0.33333,0.33333,0.33333
development-605,0.33333,0.33333,0.33333
development-606,0.33333,0.33333,0.33333
development-607,0.33333,0.33333,0.33333
development-608,0.33333,0.33333,0.33333
development-609,0.33333,0.33333,0.33333
development-610,0.33333,0.33333,0.33333
development-611,0.33333,0.33333,0.33333
development-612,0.33333,0.33333,0.33333
development-613,0.33333,0.33333,0.33333
development-614,0.33333,0.33333,0.33333
development-615,0.33333,0.33333,0.33333
development-616,0.33333,0.33333,0.33333
development-617,0.33333,0.33333,0.33333
development-618,0.33333,0.33333,0.33333
development-619,0.33333,0.33333,0.33333
development-620,0.33333,0.33333,0.33333
development-621,0.33333,0.33333,0.33333
development-622,0.33333,0.33333,0.33333
development-623,0.33333,0.33333,0.33333
development-624,0.33333,0.33333,0.33333
development-625,0.33333,0.33333,0.33333
development-626,0.33333,0.33333,0.33333
development-627,0.33333,0.33333,0.33333
development-628,0.33333,0.33333,0.33333
development-629,0.33333,0.33333,0.33333
development-630,0.33333,0.33333,0.33333
development-631,0.33333,0.33333,0.33333
development-632,0.33333,0.33333,0.33333
development-633,0.33333,0.33333,0.33333
development-634,0.33333,0.33333,0.33333
development-635,0.33333,0.33333,0.33333
development-636,0.33333,0.33333,0.33333
development-637,0.33333,0.33333,0.33333
development-638,0.33333,0.33333,0.33333
development-639,0.33333,0.33333,0.33333
development-640,0.33333,0.33333,0.33333
development-641,0.33333,0.33333,0.33333
development-642,0.33333,0.33333,0.33333
development-643,0.33333,0.33333,0.33333
development-644,0.33333,0.33333,0.33333
development-645,0.33333,0.33333,0.33333
development-646,0.33333,0.33333,0.33333
development-647,0.33333,0.33333,0.33333
development-648,0.33333,0.33333,0.33333
development-649,0.33333,0.33333,0.33333
development-650,0.33333,0.33333,0.33333
development-651,0.33333,0.33333,0.33333
development-652,0.33333,0.33333,0.33333
development-653,0.33333,0.33333,0.33333
development-654,0.33333,0.33333,0.33333
development-655,0.33333,0.33333,0.33333
development-656,0.33333,0.33333,0.33333
development-657,0.33333,0.33333,0.33333
development-658,0.33333,0.33333,0.33333
development-659,0.33333,0.33333,0.33333
development-660,0.33333,0.33333,0.33333
development-661,0.33333,0.33333,0.33333
development-662,0.33333,0.33333,0.33333
development-663,0.33333,0.33333,0.33333
development-664,0.33333,0.33333,0.33333
development-665,0.33333,0.33333,0.33333
development-666,0.33333,0.33333,0.33333
development-667,0.33333,0.33333,0.33333
development-668,0.33333,0.33333,0.33333
development-669,0.33333,0.33333,0.33333
development-670,0.33333,0.33333,0.33333
development-671,0.33333,0.33333,0.33333
development-672,0.33333,0.33333,0.33333
development-673,0.33333,0.33333,0.33333
development-674,0.33333,0.33333,0.33333
development-675,0.33333,0.33333,0.33333
development-676,0.33333,0.33333,0.33333
development-677,0.33333,0.33333,0.33333
development-678,0.33333,0.33333,0.33333
development-679,0.33333,0.33333,0.33333
development-680,0.33333,0.33333,0.33333
development-681,0.33333,0.33333,0.33333
development-682,0.33333,0.33333,0.33333
development-683,0.33333,0.33333,0.33333
development-684,0.33333,0.33333,0.33333
development-685,0.33333,0.33333,0.33333
development-686,0.33333,0.33333,0.33333
development-687,0.33333,0.33333,0.33333
development-688,0.33333,0.33333,0.33333
development-689,0.33333,0.33333,0.33333
development-690,0.33333,0.33333,0.33333
development-691,0.33333,0.33333,0.33333
development-692,0.33333,0.33333,0.33333
development-693,0.33333,0.33333,0.33333
development-694,0.33333,0.33333,0.33333
development-695,0.33333,0.33333,0.33333
development-696,0.33333,0.33333,0.33333
development-697,0.33333,0.33333,0.33333
development-698,0.33333,0.33333,0.33333
development-699,0.33333,0.33333,0.33333
development-700,0.33333,0.33333,0.33333
development-701,0.33333,0.33333,0.33333
development-702,0.33333,0.33333,0.33333
development-703,0.33333,0.33333,0.33333
development-704,0.33333,0.33333,0.33333
development-705,0.33333,0.33333,0.33333
development-706,0.33333,0.33333,0.33333
development-707,0.33333,0.33333,0.33333
development-708,0.33333,0.33333,0.33333
development-709,0.33333,0.33333,0.33333
development-710,0.33333,0.33333,0.33333
development-711,0.33333,0.33333,0.33333
development-712,0.33333,0.33333,0.33333
development-713,0.33333,0.33333,0.33333
development-714,0.33333,0.33333,0.33333
development-715,0.33333,0.33333,0.33333
development-716,0.33333,0.33333,0.33333
development-717,0.33333,0.33333,0.33333
development-718,0.33333,0.33333,0.33333
development-719,0.33333,0.33333,0.33333
development-720,0.33333,0.33333,0.33333
development-721,0.33333,0.33333,0.33333
development-722,0.33333,0.33333,0.33333
development-723,0.33333,0.33333,0.33333
development-724,0.33333,0.33333,0.33333
development-725,0.33333,0.33333,0.33333
development-726,0.33333,0.33333,0.33333
development-727,0.33333,0.33333,0.33333
development-728,0.33333,0.33333,0.33333
development-729,0.33333,0.33333,0.33333
development-730,0.33333,0.33333,0.33333
development-731,0.33333,0.33333,0.33333
development-732,0.33333,0.33333,0.33333
development-733,0.33333,0.33333,0.33333
development-734,0.33333,0.33333,0.33333
development-735,0.33333,0.33333,0.33333
development-736,0.33333,0.33333,0.33333
development-737,0.33333,0.33333,0.33333
development-738,0.33333,0.33333,0.33333
development-739,0.33333,0.33333,0.33333
development-740,0.33333,0.33333,0.33333
development-741,0.33333,0.33333,0.33333
development-742,0.33333,0.33333,0.33333
development-743,0.33333,0.33333,0.33333
development-744,0.33333,0.33333,0.33333
development-745,0.33333,0.33333,0.33333
development-746,0.33333,0.33333,0.33333
development-747,0.33333,0.33333,0.33333
development-748,0.33333,0.33333,0.33333
development-749,0.33333,0.33333,0.33333
development-750,0.33333,0.33333,0.33333
development-751,0.33333,0.33333,0.33333
development-752,0.33333,0.33333,0.33333
development-753,0.33333,0.33333,0.33333
development-754,0.33333,0.33333,0.33333
development-755,0.33333,0.33333,0.33333
development-756,0.33333,0.33333,0.33333
development-757,0.33333,0.33333,0.33333
development-758,0.33333,0.33333,0.33333
development-759,0.33333,0.33333,0.33333
development-760,0.33333,0.33333,0.33333
development-761,0.33333,0.33333,0.33333
development-762,0.33333,0.33333,0.33333
development-763,0.33333,0.33333,0.33333
development-764,0.33333,0.33333,0.33333
development-765,0.33333,0.33333,0.33333
development-766,0.33333,0.33333,0.33333
development-767,0.33333,0.33333,0.33333
development-768,0.33333,0.33333,0.33333
development-769,0.33333,0.33333,0.33333
development-770,0.33333,0.33333,0.33333
development-771,0.33333,0.33333,0.33333
development-772,0.33333,0.33333,0.33333
development-773,0.33333,0.33333,0.33333
development-774,0.33333,0.33333,0.33333
development-775,0.33333,0.33333,0.33333
development-776,0.33333,0.33333,0.33333
development-777,0.33333,0.33333,0.33333
development-778,0.33333,0.33333,0.33333
development-779,0.33333,0.33333,0.33333
development-780,0.33333,0.33333,0.33333
development-781,0.33333,0.33333,0.33333
development-782,0.33333,0.33333,0.33333
development-783,0.33333,0.33333,0.33333
development-784,0.33333,0.33333,0.33333
development-785,0.33333,0.33333,0.33333
development-786,0.33333,0.33333,0.33333
development-787,0.33333,0.33333,0.33333
development-788,0.33333,0.33333,0.33333
development-789,0.33333,0.33333,0.33333
development-790,0.33333,0.33333,0.33333
development-791,0.33333,0.33333,0.33333
development-792,0.33333,0.33333,0.33333
development-793,0.33333,0.33333,0.33333
development-794,0.33333,0.33333,0.33333
development-795,0.33333,0.33333,0.33333
development-796,0.33333,0.33333,0.33333
development-797,0.33333,0.33333,0.33333
development-798,0.33333,0.33333,0.33333
development-799,0.33333,0.33333,0.33333
development-800,0.33333,0.33333,0.33333
development-801,0.33333,0.33333,0.33333
development-802,0.33333,0.33333,0.33333
development-803,0.33333,0.33333,0.33333
development-804,0.33333,0.33333,0.33333
development-805,0.33333,0.33333,0.33333
development-806,0.33333,0.33333,0.33333
development-807,0.33333,0.33333,0.33333
development-808,0.33333,0.33333,0.33333
development-809,0.33333,0.33333,0.33333
development-810,0.33333,0.33333,0.33333
development-811,0.33333,0.33333,0.33333
development-812,0.33333,0.33333,0.33333
development-813,0.33333,0.33333,0.33333
development-814,0.33333,0.33333,0.33333
development-815,0.33333,0.33333,0.33333
development-816,0.33333,0.33333,0.33333
development-817,0.33333,0.33333,0.33333
development-818,0.33333,0.33333,0.33333
development-819,0.33333,0.33333,0.33333
development-820,0.33333,0.33333,0.33333
development-821,0.33333,0.33333,0.33333
development-822,0.33333,0.33333,0.33333
development-823,0.33333,0.33333,0.33333
development-824,0.33333,0.33333,0.33333
development-825,0.33333,0.33333,0.33333
development-826,0.33333,0.33333,0.33333
development-827,0.33333,0.33333,0.33333
development-828,0.33333,0.33333,0.33333
development-829,0.33333,0.33333,0.33333
development-830,0.33333,0.33333,0.33333
development-831,0.33333,0.33333,0.33333
development-832,0.33333,0.33333,0.33333
development-833,0.33333,0.33333,0.33333
development-834,0.33333,0.33333,0.33333
development-835,0.33333,0.33333,0.33333
development-836,0.33333,0.33333,0.33333
development-837,0.33333,0.33333,0.33333
development-838,0.33333,0.33333,0.33333
development-839,0.33333,0.33333,0.33333
development-840,0.33333,0.33333,0.33333
development-841,0.33333,0.33333,0.33333
development-842,0.33333,0.33333,0.33333
development-843,0.33333,0.33333,0.33333
development-844,0.33333,0.33333,0.33333
development-845,0.33333,0.33333,0.33333
development-846,0.33333,0.33333,0.33333
development-847,0.33333,0.33333,0.33333
development-848,0.33333,0.33333,0.33333
development-849,0.33333,0.33333,0.33333
development-850,0.33333,0.33333,0.33333
development-851,0.33333,0.33333,0.33333
development-852,0.33333,0.33333,0.33333
development-853,0.33333,0.33333,0.33333
development-854,0.33333,0.33333,0.33333
development-855,0.33333,0.33333,0.33333
development-856,0.33333,0.33333,0.33333
development-857,0.33333,0.33333,0.33333
development-858,0.33333,0.33333,0.33333
development-859,0.33333,0.33333,0.33333
development-860,0.33333,0.33333,0.33333
development-861,0.33333,0.33333,0.33333
development-862,0.33333,0.33333,0.33333
development-863,0.33333,0.33333,0.33333
development-864,0.33333,0.33333,0.33333
development-865,0.33333,0.33333,0.33333
development-866,0.33333,0.33333,0.33333
development-867,0.33333,0.33333,0.33333
development-868,0.33333,0.33333,0.33333
development-869,0.33333,0.33333,0.33333
development-870,0.33333,0.33333,0.33333
development-871,0.33333,0.33333,0.33333
development-872,0.33333,0.33333,0.33333
development-873,0.33333,0.33333,0.33333
development-874,0.33333,0.33333,0.33333
development-875,0.33333,0.33333,0.33333
development-876,0.33333,0.33333,0.33333
development-877,0.33333,0.33333,0.33333
development-878,0.33333,0.33333,0.33333
development-879,0.33333,0.33333,0.33333
development-880,0.33333,0.33333,0.33333
development-881,0.33333,0.33333,0.33333
development-882,0.33333,0.33333,0.33333
development-883,0.33333,0.33333,0.33333
development-884,0.33333,0.33333,0.33333
development-885,0.33333,0.33333,0.33333
development-886,0.33333,0.33333,0.33333
development-887,0.33333,0.33333,0.33333
development-888,0.33333,0.33333,0.33333
development-889,0.33333,0.33333,0.33333
development-890,0.33333,0.33333,0.33333
development-891,0.33333,0.33333,0.33333
development-892,0.33333,0.33333,0.33333
development-893,0.33333,0.33333,0.33333
development-894,0.33333,0.33333,0.33333
development-895,0.33333,0.33333,0.33333
development-896,0.33333,0.33333,0.33333
development-897,0.33333,0.33333,0.33333
development-898,0.33333,0.33333,0.33333
development-899,0.33333,0.33333,0.33333
development-900,0.33333,0.33333,0.33333
development-901,0.33333,0.33333,0.33333
development-902,0.33333,0.33333,0.33333
development-903,0.33333,0.33333,0.33333
development-904,0.33333,0.33333,0.33333
development-905,0.33333,0.33333,0.33333
development-906,0.33333,0.33333,0.33333
development-907,0.33333,0.33333,0.33333
development-908,0.33333,0.33333,0.33333
development-909,0.33333,0.33333,0.33333
development-910,0.33333,0.33333,0.33333
development-911,0.33333,0.33333,0.33333
development-912,0.33333,0.33333,0.33333
development-913,0.33333,0.33333,0.33333
development-914,0.33333,0.33333,0.33333
development-915,0.33333,0.33333,0.33333
development-916,0.33333,0.33333,0.33333
development-917,0.33333,0.33333,0.33333
development-918,0.33333,0.33333,0.33333
development-919,0.33333,0.33333,0.33333
development-920,0.33333,0.33333,0.33333
development-921,0.33333,0.33333,0.33333
development-922,0.33333,0.33333,0.33333
development-923,0.33333,0.33333,0.33333
development-924,0.33333,0.33333,0.33333
development-925,0.33333,0.33333,0.33333
development-926,0.33333,0.33333,0.33333
development-927,0.33333,0.33333,0.33333
development-928,0.33333,0.33333,0.33333
development-929,0.33333,0.33333,0.33333
development-930,0.33333,0.33333,0.33333
development-931,0.33333,0.33333,0.33333
development-932,0.33333,0.33333,0.33333
development-933,0.33333,0.33333,0.33333
development-934,0.33333,0.33333,0.33333
development-935,0.33333,0.33333,0.33333
development-936,0.33333,0.33333,0.33333
development-937,0.33333,0.33333,0.33333
development-938,0.33333,0.33333,0.33333
development-939,0.33333,0.33333,0.33333
development-940,0.33333,0.33333,0.33333
development-941,0.33333,0.33333,0.33333
development-942,0.33333,0.33333,0.33333
development-943,0.33333,0.33333,0.33333
development-944,0.33333,0.33333,0.33333
development-945,0.33333,0.33333,0.33333
development-946,0.33333,0.33333,0.33333
development-947,0.33333,0.33333,0.33333
development-948,0.33333,0.33333,0.33333
development-949,0.33333,0.33333,0.33333
development-950,0.33333,0.33333,0.33333
development-951,0.33333,0.33333,0.33333
development-952,0.33333,0.33333,0.33333
development-953,0.33333,0.33333,0.33333
development-954,0.33333,0.33333,0.33333
development-955,0.33333,0.33333,0.33333
development-956,0.33333,0.33333,0.33333
development-957,0.33333,0.33333,0.33333
development-958,0.33333,0.33333,0.33333
development-959,0.33333,0.33333,0.33333
development-960,0.33333,0.33333,0.33333
development-961,0.33333,0.33333,0.33333
development-962,0.33333,0.33333,0.33333
development-963,0.33333,0.33333,0.33333
development-964,0.33333,0.33333,0.33333
development-965,0.33333,0.33333,0.33333
development-966,0.33333,0.33333,0.33333
development-967,0.33333,0.33333,0.33333
development-968,0.33333,0.33333,0.33333
development-969,0.33333,0.33333,0.33333
development-970,0.33333,0.33333,0.33333
development-971,0.33333,0.33333,0.33333
development-972,0.33333,0.33333,0.33333
development-973,0.33333,0.33333,0.33333
development-974,0.33333,0.33333,0.33333
development-975,0.33333,0.33333,0.33333
development-976,0.33333,0.33333,0.33333
development-977,0.33333,0.33333,0.33333
development-978,0.33333,0.33333,0.33333
development-979,0.33333,0.33333,0.33333
development-980,0.33333,0.33333,0.33333
development-981,0.33333,0.33333,0.33333
development-982,0.33333,0.33333,0.33333
development-983,0.33333,0.33333,0.33333
development-984,0.33333,0.33333,0.33333
development-985,0.33333,0.33333,0.33333
development-986,0.33333,0.33333,0.33333
development-987,0.33333,0.33333,0.33333
development-988,0.33333,0.33333,0.33333
development-989,0.33333,0.33333,0.33333
development-990,0.33333,0.33333,0.33333
development-991,0.33333,0.33333,0.33333
development-992,0.33333,0.33333,0.33333
development-993,0.33333,0.33333,0.33333
development-994,0.33333,0.33333,0.33333
development-995,0.33333,0.33333,0.33333
development-996,0.33333,0.33333,0.33333
development-997,0.33333,0.33333,0.33333
development-998,0.33333,0.33333,0.33333
development-999,0.33333,0.33333,0.33333
development-1000,0.33333,0.33333,0.33333
development-1001,0.33333,0.33333,0.33333
development-1002,0.33333,0.33333,0.33333
development-1003,0.33333,0.33333,0.33333
development-1004,0.33333,0.33333,0.33333
development-1005,0.33333,0.33333,0.33333
development-1006,0.33333,0.33333,0.33333
development-1007,0.33333,0.33333,0.33333
development-1008,0.33333,0.33333,0.33333
development-1009,0.33333,0.33333,0.33333
development-1010,0.33333,0.33333,0.33333
development-1011,0.33333,0.33333,0.33333
development-1012,0.33333,0.33333,0.33333
development-1013,0.33333,0.33333,0.33333
development-1014,0.33333,0.33333,0.33333
development-1015,0.33333,0.33333,0.33333
development-1016,0.33333,0.33333,0.33333
development-1017,0.33333,0.33333,0.33333
development-1018,0.33333,0.33333,0.33333
development-1019,0.33333,0.33333,0.33333
development-1020,0.33333,0.33333,0.33333
development-1021,0.33333,0.33333,0.33333
development-1022,0.33333,0.33333,0.33333
development-1023,0.33333,0.33333,0.33333
development-1024,0.33333,0.33333,0.33333
development-1025,0.33333,0.33333,0.33333
development-1026,0.33333,0.33333,0.33333
development-1027,0.33333,0.33333,0.33333
development-1028,0.33333,0.33333,0.33333
development-1029,0.33333,0.33333,0.33333
development-1030,0.33333,0.33333,0.33333
development-1031,0.33333,0.33333,0.33333
development-1032,0.33333,0.33333,0.33333
development-1033,0.33333,0.33333,0.33333
development-1034,0.33333,0.33333,0.33333
development-1035,0.33333,0.33333,0.33333
development-1036,0.33333,0.33333,0.33333
development-1037,0.33333,0.33333,0.33333
development-1038,0.33333,0.33333,0.33333
development-1039,0.33333,0.33333,0.33333
development-1040,0.33333,0.33333,0.33333
development-1041,0.33333,0.33333,0.33333
development-1042,0.33333,0.33333,0.33333
development-1043,0.33333,0.33333,0.33333
development-1044,0.33333,0.33333,0.33333
development-1045,0.33333,0.33333,0.33333
development-1046,0.33333,0.33333,0.33333
development-1047,0.33333,0.33333,0.33333
development-1048,0.33333,0.33333,0.33333
development-1049,0.33333,0.33333,0.33333
development-1050,0.33333,0.33333,0.33333
development-1051,0.33333,0.33333,0.33333
development-1052,0.33333,0.33333,0.33333
development-1053,0.33333,0.33333,0.33333
development-1054,0.33333,0.33333,0.33333
development-1055,0.33333,0.33333,0.33333
development-1056,0.33333,0.33333,0.33333
development-1057,0.33333,0.33333,0.33333
development-1058,0.33333,0.33333,0.33333
development-1059,0.33333,0.33333,0.33333
development-1060,0.33333,0.33333,0.33333
development-1061,0.33333,0.33333,0.33333
development-1062,0.33333,0.33333,0.33333
development-1063,0.33333,0.33333,0.33333
development-1064,0.33333,0.33333,0.33333
development-1065,0.33333,0.33333,0.33333
development-1066,0.33333,0.33333,0.33333
development-1067,0.33333,0.33333,0.33333
development-1068,0.33333,0.33333,0.33333
development-1069,0.33333,0.33333,0.33333
development-1070,0.33333,0.33333,0.33333
development-1071,0.33333,0.33333,0.33333
development-1072,0.33333,0.33333,0.33333
development-1073,0.33333,0.33333,0.33333
development-1074,0.33333,0.33333,0.33333
development-1075,0.33333,0.33333,0.33333
development-1076,0.33333,0.33333,0.33333
development-1077,0.33333,0.33333,0.33333
development-1078,0.33333,0.33333,0.33333
development-1079,0.33333,0.33333,0.33333
development-1080,0.33333,0.33333,0.33333
development-1081,0.33333,0.33333,0.33333
development-1082,0.33333,0.33333,0.33333
development-1083,0.33333,0.33333,0.33333
development-1084,0.33333,0.33333,0.33333
development-1085,0.33333,0.33333,0.33333
development-1086,0.33333,0.33333,0.33333
development-1087,0.33333,0.33333,0.33333
development-1088,0.33333,0.33333,0.33333
development-1089,0.33333,0.33333,0.33333
development-1090,0.33333,0.33333,0.33333
development-1091,0.33333,0.33333,0.33333
development-1092,0.33333,0.33333,0.33333
development-1093,0.33333,0.33333,0.33333
development-1094,0.33333,0.33333,0.33333
development-1095,0.33333,0.33333,0.33333
development-1096,0.33333,0.33333,0.33333
development-1097,0.33333,0.33333,0.33333
development-1098,0.33333,0.33333,0.33333
development-1099,0.33333,0.33333,0.33333
development-1100,0.33333,0.33333,0.33333
development-1101,0.33333,0.33333,0.33333
development-1102,0.33333,0.33333,0.33333
development-1103,0.33333,0.33333,0.33333
development-1104,0.33333,0.33333,0.33333
development-1105,0.33333,0.33333,0.33333
development-1106,0.33333,0.33333,0.33333
development-1107,0.33333,0.33333,0.33333
development-1108,0.33333,0.33333,0.33333
development-1109,0.33333,0.33333,0.33333
development-1110,0.33333,0.33333,0.33333
development-1111,0.33333,0.33333,0.33333
development-1112,0.33333,0.33333,0.33333
development-1113,0.33333,0.33333,0.33333
development-1114,0.33333,0.33333,0.33333
development-1115,0.33333,0.33333,0.33333
development-1116,0.33333,0.33333,0.33333
development-1117,0.33333,0.33333,0.33333
development-1118,0.33333,0.33333,0.33333
development-1119,0.33333,0.33333,0.33333
development-1120,0.33333,0.33333,0.33333
development-1121,0.33333,0.33333,0.33333
development-1122,0.33333,0.33333,0.33333
development-1123,0.33333,0.33333,0.33333
development-1124,0.33333,0.33333,0.33333
development-1125,0.33333,0.33333,0.33333
development-1126,0.33333,0.33333,0.33333
development-1127,0.33333,0.33333,0.33333
development-1128,0.33333,0.33333,0.33333
development-1129,0.33333,0.33333,0.33333
development-1130,0.33333,0.33333,0.33333
development-1131,0.33333,0.33333,0.33333
development-1132,0.33333,0.33333,0.33333
development-1133,0.33333,0.33333,0.33333
development-1134,0.33333,0.33333,0.33333
development-1135,0.33333,0.33333,0.33333
development-1136,0.33333,0.33333,0.33333
development-1137,0.33333,0.33333,0.33333
development-1138,0.33333,0.33333,0.33333
development-1139,0.33333,0.33333,0.33333
development-1140,0.33333,0.33333,0.33333
development-1141,0.33333,0.33333,0.33333
development-1142,0.33333,0.33333,0.33333
development-1143,0.33333,0.33333,0.33333
development-1144,0.33333,0.33333,0.33333
development-1145,0.33333,0.33333,0.33333
development-1146,0.33333,0.33333,0.33333
development-1147,0.33333,0.33333,0.33333
development-1148,0.33333,0.33333,0.33333
development-1149,0.33333,0.33333,0.33333
development-1150,0.33333,0.33333,0.33333
development-1151,0.33333,0.33333,0.33333
development-1152,0.33333,0.33333,0.33333
development-1153,0.33333,0.33333,0.33333
development-1154,0.33333,0.33333,0.33333
development-1155,0.33333,0.33333,0.33333
development-1156,0.33333,0.33333,0.33333
development-1157,0.33333,0.33333,0.33333
development-1158,0.33333,0.33333,0.33333
development-1159,0.33333,0.33333,0.33333
development-1160,0.33333,0.33333,0.33333
development-1161,0.33333,0.33333,0.33333
development-1162,0.33333,0.33333,0.33333
development-1163,0.33333,0.33333,0.33333
development-1164,0.33333,0.33333,0.33333
development-1165,0.33333,0.33333,0.33333
development-1166,0.33333,0.33333,0.33333
development-1167,0.33333,0.33333,0.33333
development-1168,0.33333,0.33333,0.33333
development-1169,0.33333,0.33333,0.33333
development-1170,0.33333,0.33333,0.33333
development-1171,0.33333,0.33333,0.33333
development-1172,0.33333,0.33333,0.33333
development-1173,0.33333,0.33333,0.33333
development-1174,0.33333,0.33333,0.33333
development-1175,0.33333,0.33333,0.33333
development-1176,0.33333,0.33333,0.33333
development-1177,0.33333,0.33333,0.33333
development-1178,0.33333,0.33333,0.33333
development-1179,0.33333,0.33333,0.33333
development-1180,0.33333,0.33333,0.33333
development-1181,0.33333,0.33333,0.33333
development-1182,0.33333,0.33333,0.33333
development-1183,0.33333,0.33333,0.33333
development-1184,0.33333,0.33333,0.33333
development-1185,0.33333,0.33333,0.33333
development-1186,0.33333,0.33333,0.33333
development-1187,0.33333,0.33333,0.33333
development-1188,0.33333,0.33333,0.33333
development-1189,0.33333,0.33333,0.33333
development-1190,0.33333,0.33333,0.33333
development-1191,0.33333,0.33333,0.33333
development-1192,0.33333,0.33333,0.33333
development-1193,0.33333,0.33333,0.33333
development-1194,0.33333,0.33333,0.33333
development-1195,0.33333,0.33333,0.33333
development-1196,0.33333,0.33333,0.33333
development-1197,0.33333,0.33333,0.33333
development-1198,0.33333,0.33333,0.33333
development-1199,0.33333,0.33333,0.33333
development-1200,0.33333,0.33333,0.33333
development-1201,0.33333,0.33333,0.33333
development-1202,0.33333,0.33333,0.33333
development-1203,0.33333,0.33333,0.33333
development-1204,0.33333,0.33333,0.33333
development-1205,0.33333,0.33333,0.33333
development-1206,0.33333,0.33333,0.33333
development-1207,0.33333,0.33333,0.33333
development-1208,0.33333,0.33333,0.33333
development-1209,0.33333,0.33333,0.33333
development-1210,0.33333,0.33333,0.33333
development-1211,0.33333,0.33333,0.33333
development-1212,0.33333,0.33333,0.33333
development-1213,0.33333,0.33333,0.33333
development-1214,0.33333,0.33333,0.33333
development-1215,0.33333,0.33333,0.33333
development-1216,0.33333,0.33333,0.33333
development-1217,0.33333,0.33333,0.33333
development-1218,0.33333,0.33333,0.33333
development-1219,0.33333,0.33333,0.33333
development-1220,0.33333,0.33333,0.33333
development-1221,0.33333,0.33333,0.33333
development-1222,0.33333,0.33333,0.33333
development-1223,0.33333,0.33333,0.33333
development-1224,0.33333,0.33333,0.33333
development-1225,0.33333,0.33333,0.33333
development-1226,0.33333,0.33333,0.33333
development-1227,0.33333,0.33333,0.33333
development-1228,0.33333,0.33333,0.33333
development-1229,0.33333,0.33333,0.33333
development-1230,0.33333,0.33333,0.33333
development-1231,0.33333,0.33333,0.33333
development-1232,0.33333,0.33333,0.33333
development-1233,0.33333,0.33333,0.33333
development-1234,0.33333,0.33333,0.33333
development-1235,0.33333,0.33333,0.33333
development-1236,0.33333,0.33333,0.33333
development-1237,0.33333,0.33333,0.33333
development-1238,0.33333,0.33333,0.33333
development-1239,0.33333,0.33333,0.33333
development-1240,0.33333,0.33333,0.33333
development-1241,0.33333,0.33333,0.33333
development-1242,0.33333,0.33333,0.33333
development-1243,0.33333,0.33333,0.33333
development-1244,0.33333,0.33333,0.33333
development-1245,0.33333,0.33333,0.33333
development-1246,0.33333,0.33333,0.33333
development-1247,0.33333,0.33333,0.33333
development-1248,0.33333,0.33333,0.33333
development-1249,0.33333,0.33333,0.33333
development-1250,0.33333,0.33333,0.33333
development-1251,0.33333,0.33333,0.33333
development-1252,0.33333,0.33333,0.33333
development-1253,0.33333,0.33333,0.33333
development-1254,0.33333,0.33333,0.33333
development-1255,0.33333,0.33333,0.33333
development-1256,0.33333,0.33333,0.33333
development-1257,0.33333,0.33333,0.33333
development-1258,0.33333,0.33333,0.33333
development-1259,0.33333,0.33333,0.33333
development-1260,0.33333,0.33333,0.33333
development-1261,0.33333,0.33333,0.33333
development-1262,0.33333,0.33333,0.33333
development-1263,0.33333,0.33333,0.33333
development-1264,0.33333,0.33333,0.33333
development-1265,0.33333,0.33333,0.33333
development-1266,0.33333,0.33333,0.33333
development-1267,0.33333,0.33333,0.33333
development-1268,0.33333,0.33333,0.33333
development-1269,0.33333,0.33333,0.33333
development-1270,0.33333,0.33333,0.33333
development-1271,0.33333,0.33333,0.33333
development-1272,0.33333,0.33333,0.33333
development-1273,0.33333,0.33333,0.33333
development-1274,0.33333,0.33333,0.33333
development-1275,0.33333,0.33333,0.33333
development-1276,0.33333,0.33333,0.33333
development-1277,0.33333,0.33333,0.33333
development-1278,0.33333,0.33333,0.33333
development-1279,0.33333,0.33333,0.33333
development-1280,0.33333,0.33333,0.33333
development-1281,0.33333,0.33333,0.33333
development-1282,0.33333,0.33333,0.33333
development-1283,0.33333,0.33333,0.33333
development-1284,0.33333,0.33333,0.33333
development-1285,0.33333,0.33333,0.33333
development-1286,0.33333,0.33333,0.33333
development-1287,0.33333,0.33333,0.33333
development-1288,0.33333,0.33333,0.33333
development-1289,0.33333,0.33333,0.33333
development-1290,0.33333,0.33333,0.33333
development-1291,0.33333,0.33333,0.33333
development-1292,0.33333,0.33333,0.33333
development-1293,0.33333,0.33333,0.33333
development-1294,0.33333,0.33333,0.33333
development-1295,0.33333,0.33333,0.33333
development-1296,0.33333,0.33333,0.33333
development-1297,0.33333,0.33333,0.33333
development-1298,0.33333,0.33333,0.33333
development-1299,0.33333,0.33333,0.33333
development-1300,0.33333,0.33333,0.33333
development-1301,0.33333,0.33333,0.33333
development-1302,0.33333,0.33333,0.33333
development-1303,0.33333,0.33333,0.33333
development-1304,0.33333,0.33333,0.33333
development-1305,0.33333,0.33333,0.33333
development-1306,0.33333,0.33333,0.33333
development-1307,0.33333,0.33333,0.33333
development-1308,0.33333,0.33333,0.33333
development-1309,0.33333,0.33333,0.33333
development-1310,0.33333,0.33333,0.33333
development-1311,0.33333,0.33333,0.33333
development-1312,0.33333,0.33333,0.33333
development-1313,0.33333,0.33333,0.33333
development-1314,0.33333,0.33333,0.33333
development-1315,0.33333,0.33333,0.33333
development-1316,0.33333,0.33333,0.33333
development-1317,0.33333,0.33333,0.33333
development-1318,0.33333,0.33333,0.33333
development-1319,0.33333,0.33333,0.33333
development-1320,0.33333,0.33333,0.33333
development-1321,0.33333,0.33333,0.33333
development-1322,0.33333,0.33333,0.33333
development-1323,0.33333,0.33333,0.33333
development-1324,0.33333,0.33333,0.33333
development-1325,0.33333,0.33333,0.33333
development-1326,0.33333,0.33333,0.33333
development-1327,0.33333,0.33333,0.33333
development-1328,0.33333,0.33333,0.33333
development-1329,0.33333,0.33333,0.33333
development-1330,0.33333,0.33333,0.33333
development-1331,0.33333,0.33333,0.33333
development-1332,0.33333,0.33333,0.33333
development-1333,0.33333,0.33333,0.33333
development-1334,0.33333,0.33333,0.33333
development-1335,0.33333,0.33333,0.33333
development-1336,0.33333,0.33333,0.33333
development-1337,0.33333,0.33333,0.33333
development-1338,0.33333,0.33333,0.33333
development-1339,0.33333,0.33333,0.33333
development-1340,0.33333,0.33333,0.33333
development-1341,0.33333,0.33333,0.33333
development-1342,0.33333,0.33333,0.33333
development-1343,0.33333,0.33333,0.33333
development-1344,0.33333,0.33333,0.33333
development-1345,0.33333,0.33333,0.33333
development-1346,0.33333,0.33333,0.33333
development-1347,0.33333,0.33333,0.33333
development-1348,0.33333,0.33333,0.33333
development-1349,0.33333,0.33333,0.33333
development-1350,0.33333,0.33333,0.33333
development-1351,0.33333,0.33333,0.33333
development-1352,0.33333,0.33333,0.33333
development-1353,0.33333,0.33333,0.33333
development-1354,0.33333,0.33333,0.33333
development-1355,0.33333,0.33333,0.33333
development-1356,0.33333,0.33333,0.33333
development-1357,0.33333,0.33333,0.33333
development-1358,0.33333,0.33333,0.33333
development-1359,0.33333,0.33333,0.33333
development-1360,0.33333,0.33333,0.33333
development-1361,0.33333,0.33333,0.33333
development-1362,0.33333,0.33333,0.33333
development-1363,0.33333,0.33333,0.33333
development-1364,0.33333,0.33333,0.33333
development-1365,0.33333,0.33333,0.33333
development-1366,0.33333,0.33333,0.33333
development-1367,0.33333,0.33333,0.33333
development-1368,0.33333,0.33333,0.33333
development-1369,0.33333,0.33333,0.33333
development-1370,0.33333,0.33333,0.33333
development-1371,0.33333,0.33333,0.33333
development-1372,0.33333,0.33333,0.33333
development-1373,0.33333,0.33333,0.33333
development-1374,0.33333,0.33333,0.33333
development-1375,0.33333,0.33333,0.33333
development-1376,0.33333,0.33333,0.33333
development-1377,0.33333,0.33333,0.33333
development-1378,0.33333,0.33333,0.33333
development-1379,0.33333,0.33333,0.33333
development-1380,0.33333,0.33333,0.33333
development-1381,0.33333,0.33333,0.33333
development-1382,0.33333,0.33333,0.33333
development-1383,0.33333,0.33333,0.33333
development-1384,0.33333,0.33333,0.33333
development-1385,0.33333,0.33333,0.33333
development-1386,0.33333,0.33333,0.33333
development-1387,0.33333,0.33333,0.33333
development-1388,0.33333,0.33333,0.33333
development-1389,0.33333,0.33333,0.33333
development-1390,0.33333,0.33333,0.33333
development-1391,0.33333,0.33333,0.33333
development-1392,0.33333,0.33333,0.33333
development-1393,0.33333,0.33333,0.33333
development-1394,0.33333,0.33333,0.33333
development-1395,0.33333,0.33333,0.33333
development-1396,0.33333,0.33333,0.33333
development-1397,0.33333,0.33333,0.33333
development-1398,0.33333,0.33333,0.33333
development-1399,0.33333,0.33333,0.33333
development-1400,0.33333,0.33333,0.33333
development-1401,0.33333,0.33333,0.33333
development-1402,0.33333,0.33333,0.33333
development-1403,0.33333,0.33333,0.33333
development-1404,0.33333,0.33333,0.33333
development-1405,0.33333,0.33333,0.33333
development-1406,0.33333,0.33333,0.33333
development-1407,0.33333,0.33333,0.33333
development-1408,0.33333,0.33333,0.33333
development-1409,0.33333,0.33333,0.33333
development-1410,0.33333,0.33333,0.33333
development-1411,0.33333,0.33333,0.33333
development-1412,0.33333,0.33333,0.33333
development-1413,0.33333,0.33333,0.33333
development-1414,0.33333,0.33333,0.33333
development-1415,0.33333,0.33333,0.33333
development-1416,0.33333,0.33333,0.33333
development-1417,0.33333,0.33333,0.33333
development-1418,0.33333,0.33333,0.33333
development-1419,0.33333,0.33333,0.33333
development-1420,0.33333,0.33333,0.33333
development-1421,0.33333,0.33333,0.33333
development-1422,0.33333,0.33333,0.33333
development-1423,0.33333,0.33333,0.33333
development-1424,0.33333,0.33333,0.33333
development-1425,0.33333,0.33333,0.33333
development-1426,0.33333,0.33333,0.33333
development-1427,0.33333,0.33333,0.33333
development-1428,0.33333,0.33333,0.33333
development-1429,0.33333,0.33333,0.33333
development-1430,0.33333,0.33333,0.33333
development-1431,0.33333,0.33333,0.33333
development-1432,0.33333,0.33333,0.33333
development-1433,0.33333,0.33333,0.33333
development-1434,0.33333,0.33333,0.33333
development-1435,0.33333,0.33333,0.33333
development-1436,0.33333,0.33333,0.33333
development-1437,0.33333,0.33333,0.33333
development-1438,0.33333,0.33333,0.33333
development-1439,0.33333,0.33333,0.33333
development-1440,0.33333,0.33333,0.33333
development-1441,0.33333,0.33333,0.33333
development-1442,0.33333,0.33333,0.33333
development-1443,0.33333,0.33333,0.33333
development-1444,0.33333,0.33333,0.33333
development-1445,0.33333,0.33333,0.33333
development-1446,0.33333,0.33333,0.33333
development-1447,0.33333,0.33333,0.33333
development-1448,0.33333,0.33333,0.33333
development-1449,0.33333,0.33333,0.33333
development-1450,0.33333,0.33333,0.33333
development-1451,0.33333,0.33333,0.33333
development-1452,0.33333,0.33333,0.33333
development-1453,0.33333,0.33333,0.33333
development-1454,0.33333,0.33333,0.33333
development-1455,0.33333,0.33333,0.33333
development-1456,0.33333,0.33333,0.33333
development-1457,0.33333,0.33333,0.33333
development-1458,0.33333,0.33333,0.33333
development-1459,0.33333,0.33333,0.33333
development-1460,0.33333,0.33333,0.33333
development-1461,0.33333,0.33333,0.33333
development-1462,0.33333,0.33333,0.33333
development-1463,0.33333,0.33333,0.33333
development-1464,0.33333,0.33333,0.33333
development-1465,0.33333,0.33333,0.33333
development-1466,0.33333,0.33333,0.33333
development-1467,0.33333,0.33333,0.33333
development-1468,0.33333,0.33333,0.33333
development-1469,0.33333,0.33333,0.33333
development-1470,0.33333,0.33333,0.33333
development-1471,0.33333,0.33333,0.33333
development-1472,0.33333,0.33333,0.33333
development-1473,0.33333,0.33333,0.33333
development-1474,0.33333,0.33333,0.33333
development-1475,0.33333,0.33333,0.33333
development-1476,0.33333,0.33333,0.33333
development-1477,0.33333,0.33333,0.33333
development-1478,0.33333,0.33333,0.33333
development-1479,0.33333,0.33333,0.33333
development-1480,0.33333,0.33333,0.33333
development-1481,0.33333,0.33333,0.33333
development-1482,0.33333,0.33333,0.33333
development-1483,0.33333,0.33333,0.33333
development-1484,0.33333,0.33333,0.33333
development-1485,0.33333,0.33333,0.33333
development-1486,0.33333,0.33333,0.33333
development-1487,0.33333,0.33333,0.33333
development-1488,0.33333,0.33333,0.33333
development-1489,0.33333,0.33333,0.33333
development-1490,0.33333,0.33333,0.33333
development-1491,0.33333,0.33333,0.33333
development-1492,0.33333,0.33333,0.33333
development-1493,0.33333,0.33333,0.33333
development-1494,0.33333,0.33333,0.33333
development-1495,0.33333,0.33333,0.33333
development-1496,0.33333,0.33333,0.33333
development-1497,0.33333,0.33333,0.33333
development-1498,0.33333,0.33333,0.33333
development-1499,0.33333,0.33333,0.33333
development-1500,0.33333,0.33333,0.33333
development-1501,0.33333,0.33333,0.33333
development-1502,0.33333,0.33333,0.33333
development-1503,0.33333,0.33333,0.33333
development-1504,0.33333,0.33333,0.33333
development-1505,0.33333,0.33333,0.33333
development-1506,0.33333,0.33333,0.33333
development-1507,0.33333,0.33333,0.33333
development-1508,0.33333,0.33333,0.33333
development-1509,0.33333,0.33333,0.33333
development-1510,0.33333,0.33333,0.33333
development-1511,0.33333,0.33333,0.33333
development-1512,0.33333,0.33333,0.33333
development-1513,0.33333,0.33333,0.33333
development-1514,0.33333,0.33333,0.33333
development-1515,0.33333,0.33333,0.33333
development-1516,0.33333,0.33333,0.33333
development-1517,0.33333,0.33333,0.33333
development-1518,0.33333,0.33333,0.33333
development-1519,0.33333,0.33333,0.33333
development-1520,0.33333,0.33333,0.33333
development-1521,0.33333,0.33333,0.33333
development-1522,0.33333,0.33333,0.33333
development-1523,0.33333,0.33333,0.33333
development-1524,0.33333,0.33333,0.33333
development-1525,0.33333,0.33333,0.33333
development-1526,0.33333,0.33333,0.33333
development-1527,0.33333,0.33333,0.33333
development-1528,0.33333,0.33333,0.33333
development-1529,0.33333,0.33333,0.33333
development-1530,0.33333,0.33333,0.33333
development-1531,0.33333,0.33333,0.33333
development-1532,0.33333,0.33333,0.33333
development-1533,0.33333,0.33333,0.33333
development-1534,0.33333,0.33333,0.33333
development-1535,0.33333,0.33333,0.33333
development-1536,0.33333,0.33333,0.33333
development-1537,0.33333,0.33333,0.33333
development-1538,0.33333,0.33333,0.33333
development-1539,0.33333,0.33333,0.33333
development-1540,0.33333,0.33333,0.33333
development-1541,0.33333,0.33333,0.33333
development-1542,0.33333,0.33333,0.33333
development-1543,0.33333,0.33333,0.33333
development-1544,0.33333,0.33333,0.33333
development-1545,0.33333,0.33333,0.33333
development-1546,0.33333,0.33333,0.33333
development-1547,0.33333,0.33333,0.33333
development-1548,0.33333,0.33333,0.33333
development-1549,0.33333,0.33333,0.33333
development-1550,0.33333,0.33333,0.33333
development-1551,0.33333,0.33333,0.33333
development-1552,0.33333,0.33333,0.33333
development-1553,0.33333,0.33333,0.33333
development-1554,0.33333,0.33333,0.33333
development-1555,0.33333,0.33333,0.33333
development-1556,0.33333,0.33333,0.33333
development-1557,0.33333,0.33333,0.33333
development-1558,0.33333,0.33333,0.33333
development-1559,0.33333,0.33333,0.33333
development-1560,0.33333,0.33333,0.33333
development-1561,0.33333,0.33333,0.33333
development-1562,0.33333,0.33333,0.33333
development-1563,0.33333,0.33333,0.33333
development-1564,0.33333,0.33333,0.33333
development-1565,0.33333,0.33333,0.33333
development-1566,0.33333,0.33333,0.33333
development-1567,0.33333,0.33333,0.33333
development-1568,0.33333,0.33333,0.33333
development-1569,0.33333,0.33333,0.33333
development-1570,0.33333,0.33333,0.33333
development-1571,0.33333,0.33333,0.33333
development-1572,0.33333,0.33333,0.33333
development-1573,0.33333,0.33333,0.33333
development-1574,0.33333,0.33333,0.33333
development-1575,0.33333,0.33333,0.33333
development-1576,0.33333,0.33333,0.33333
development-1577,0.33333,0.33333,0.33333
development-1578,0.33333,0.33333,0.33333
development-1579,0.33333,0.33333,0.33333
development-1580,0.33333,0.33333,0.33333
development-1581,0.33333,0.33333,0.33333
development-1582,0.33333,0.33333,0.33333
development-1583,0.33333,0.33333,0.33333
development-1584,0.33333,0.33333,0.33333
development-1585,0.33333,0.33333,0.33333
development-1586,0.33333,0.33333,0.33333
development-1587,0.33333,0.33333,0.33333
development-1588,0.33333,0.33333,0.33333
development-1589,0.33333,0.33333,0.33333
development-1590,0.33333,0.33333,0.33333
development-1591,0.33333,0.33333,0.33333
development-1592,0.33333,0.33333,0.33333
development-1593,0.33333,0.33333,0.33333
development-1594,0.33333,0.33333,0.33333
development-1595,0.33333,0.33333,0.33333
development-1596,0.33333,0.33333,0.33333
development-1597,0.33333,0.33333,0.33333
development-1598,0.33333,0.33333,0.33333
development-1599,0.33333,0.33333,0.33333
development-1600,0.33333,0.33333,0.33333
development-1601,0.33333,0.33333,0.33333
development-1602,0.33333,0.33333,0.33333
development-1603,0.33333,0.33333,0.33333
development-1604,0.33333,0.33333,0.33333
development-1605,0.33333,0.33333,0.33333
development-1606,0.33333,0.33333,0.33333
development-1607,0.33333,0.33333,0.33333
development-1608,0.33333,0.33333,0.33333
development-1609,0.33333,0.33333,0.33333
development-1610,0.33333,0.33333,0.33333
development-1611,0.33333,0.33333,0.33333
development-1612,0.33333,0.33333,0.33333
development-1613,0.33333,0.33333,0.33333
development-1614,0.33333,0.33333,0.33333
development-1615,0.33333,0.33333,0.33333
development-1616,0.33333,0.33333,0.33333
development-1617,0.33333,0.33333,0.33333
development-1618,0.33333,0.33333,0.33333
development-1619,0.33333,0.33333,0.33333
development-1620,0.33333,0.33333,0.33333
development-1621,0.33333,0.33333,0.33333
development-1622,0.33333,0.33333,0.33333
development-1623,0.33333,0.33333,0.33333
development-1624,0.33333,0.33333,0.33333
development-1625,0.33333,0.33333,0.33333
development-1626,0.33333,0.33333,0.33333
development-1627,0.33333,0.33333,0.33333
development-1628,0.33333,0.33333,0.33333
development-1629,0.33333,0.33333,0.33333
development-1630,0.33333,0.33333,0.33333
development-1631,0.33333,0.33333,0.33333
development-1632,0.33333,0.33333,0.33333
development-1633,0.33333,0.33333,0.33333
development-1634,0.33333,0.33333,0.33333
development-1635,0.33333,0.33333,0.33333
development-1636,0.33333,0.33333,0.33333
development-1637,0.33333,0.33333,0.33333
development-1638,0.33333,0.33333,0.33333
development-1639,0.33333,0.33333,0.33333
development-1640,0.33333,0.33333,0.33333
development-1641,0.33333,0.33333,0.33333
development-1642,0.33333,0.33333,0.33333
development-1643,0.33333,0.33333,0.33333
development-1644,0.33333,0.33333,0.33333
development-1645,0.33333,0.33333,0.33333
development-1646,0.33333,0.33333,0.33333
development-1647,0.33333,0.33333,0.33333
development-1648,0.33333,0.33333,0.33333
development-1649,0.33333,0.33333,0.33333
development-1650,0.33333,0.33333,0.33333
development-1651,0.33333,0.33333,0.33333
development-1652,0.33333,0.33333,0.33333
development-1653,0.33333,0.33333,0.33333
development-1654,0.33333,0.33333,0.33333
development-1655,0.33333,0.33333,0.33333
development-1656,0.33333,0.33333,0.33333
development-1657,0.33333,0.33333,0.33333
development-1658,0.33333,0.33333,0.33333
development-1659,0.33333,0.33333,0.33333
development-1660,0.33333,0.33333,0.33333
development-1661,0.33333,0.33333,0.33333
development-1662,0.33333,0.33333,0.33333
development-1663,0.33333,0.33333,0.33333
development-1664,0.33333,0.33333,0.33333
development-1665,0.33333,0.33333,0.33333
development-1666,0.33333,0.33333,0.33333
development-1667,0.33333,0.33333,0.33333
development-1668,0.33333,0.33333,0.33333
development-1669,0.33333,0.33333,0.33333
development-1670,0.33333,0.33333,0.33333
development-1671,0.33333,0.33333,0.33333
development-1672,0.33333,0.33333,0.33333
development-1673,0.33333,0.33333,0.33333
development-1674,0.33333,0.33333,0.33333
development-1675,0.33333,0.33333,0.33333
development-1676,0.33333,0.33333,0.33333
development-1677,0.33333,0.33333,0.33333
development-1678,0.33333,0.33333,0.33333
development-1679,0.33333,0.33333,0.33333
development-1680,0.33333,0.33333,0.33333
development-1681,0.33333,0.33333,0.33333
development-1682,0.33333,0.33333,0.33333
development-1683,0.33333,0.33333,0.33333
development-1684,0.33333,0.33333,0.33333
development-1685,0.33333,0.33333,0.33333
development-1686,0.33333,0.33333,0.33333
development-1687,0.33333,0.33333,0.33333
development-1688,0.33333,0.33333,0.33333
development-1689,0.33333,0.33333,0.33333
development-1690,0.33333,0.33333,0.33333
development-1691,0.33333,0.33333,0.33333
development-1692,0.33333,0.33333,0.33333
development-1693,0.33333,0.33333,0.33333
development-1694,0.33333,0.33333,0.33333
development-1695,0.33333,0.33333,0.33333
development-1696,0.33333,0.33333,0.33333
development-1697,0.33333,0.33333,0.33333
development-1698,0.33333,0.33333,0.33333
development-1699,0.33333,0.33333,0.33333
development-1700,0.33333,0.33333,0.33333
development-1701,0.33333,0.33333,0.33333
development-1702,0.33333,0.33333,0.33333
development-1703,0.33333,0.33333,0.33333
development-1704,0.33333,0.33333,0.33333
development-1705,0.33333,0.33333,0.33333
development-1706,0.33333,0.33333,0.33333
development-1707,0.33333,0.33333,0.33333
development-1708,0.33333,0.33333,0.33333
development-1709,0.33333,0.33333,0.33333
development-1710,0.33333,0.33333,0.33333
development-1711,0.33333,0.33333,0.33333
development-1712,0.33333,0.33333,0.33333
development-1713,0.33333,0.33333,0.33333
development-1714,0.33333,0.33333,0.33333
development-1715,0.33333,0.33333,0.33333
development-1716,0.33333,0.33333,0.33333
development-1717,0.33333,0.33333,0.33333
development-1718,0.33333,0.33333,0.33333
development-1719,0.33333,0.33333,0.33333
development-1720,0.33333,0.33333,0.33333
development-1721,0.33333,0.33333,0.33333
development-1722,0.33333,0.33333,0.33333
development-1723,0.33333,0.33333,0.33333
development-1724,0.33333,0.33333,0.33333
development-1725,0.33333,0.33333,0.33333
development-1726,0.33333,0.33333,0.33333
development-1727,0.33333,0.33333,0.33333
development-1728,0.33333,0.33333,0.33333
development-1729,0.33333,0.33333,0.33333
development-1730,0.33333,0.33333,0.33333
development-1731,0.33333,0.33333,0.33333
development-1732,0.33333,0.33333,0.33333
development-1733,0.33333,0.33333,0.33333
development-1734,0.33333,0.33333,0.33333
development-1735,0.33333,0.33333,0.33333
development-1736,0.33333,0.33333,0.33333
development-1737,0.33333,0.33333,0.33333
development-1738,0.33333,0.33333,0.33333
development-1739,0.33333,0.33333,0.33333
development-1740,0.33333,0.33333,0.33333
development-1741,0.33333,0.33333,0.33333
development-1742,0.33333,0.33333,0.33333
development-1743,0.33333,0.33333,0.33333
development-1744,0.33333,0.33333,0.33333
development-1745,0.33333,0.33333,0.33333
development-1746,0.33333,0.33333,0.33333
development-1747,0.33333,0.33333,0.33333
development-1748,0.33333,0.33333,0.33333
development-1749,0.33333,0.33333,0.33333
development-1750,0.33333,0.33333,0.33333
development-1751,0.33333,0.33333,0.33333
development-1752,0.33333,0.33333,0.33333
development-1753,0.33333,0.33333,0.33333
development-1754,0.33333,0.33333,0.33333
development-1755,0.33333,0.33333,0.33333
development-1756,0.33333,0.33333,0.33333
development-1757,0.33333,0.33333,0.33333
development-1758,0.33333,0.33333,0.33333
development-1759,0.33333,0.33333,0.33333
development-1760,0.33333,0.33333,0.33333
development-1761,0.33333,0.33333,0.33333
development-1762,0.33333,0.33333,0.33333
development-1763,0.33333,0.33333,0.33333
development-1764,0.33333,0.33333,0.33333
development-1765,0.33333,0.33333,0.33333
development-1766,0.33333,0.33333,0.33333
development-1767,0.33333,0.33333,0.33333
development-1768,0.33333,0.33333,0.33333
development-1769,0.33333,0.33333,0.33333
development-1770,0.33333,0.33333,0.33333
development-1771,0.33333,0.33333,0.33333
development-1772,0.33333,0.33333,0.33333
development-1773,0.33333,0.33333,0.33333
development-1774,0.33333,0.33333,0.33333
development-1775,0.33333,0.33333,0.33333
development-1776,0.33333,0.33333,0.33333
development-1777,0.33333,0.33333,0.33333
development-1778,0.33333,0.33333,0.33333
development-1779,0.33333,0.33333,0.33333
development-1780,0.33333,0.33333,0.33333
development-1781,0.33333,0.33333,0.33333
development-1782,0.33333,0.33333,0.33333
development-1783,0.33333,0.33333,0.33333
development-1784,0.33333,0.33333,0.33333
development-1785,0.33333,0.33333,0.33333
development-1786,0.33333,0.33333,0.33333
development-1787,0.33333,0.33333,0.33333
development-1788,0.33333,0.33333,0.33333
development-1789,0.33333,0.33333,0.33333
development-1790,0.33333,0.33333,0.33333
development-1791,0.33333,0.33333,0.33333
development-1792,0.33333,0.33333,0.33333
development-1793,0.33333,0.33333,0.33333
development-1794,0.33333,0.33333,0.33333
development-1795,0.33333,0.33333,0.33333
development-1796,0.33333,0.33333,0.33333
development-1797,0.33333,0.33333,0.33333
development-1798,0.33333,0.33333,0.33333
development-1799,0.33333,0.33333,0.33333
development-1800,0.33333,0.33333,0.33333
development-1801,0.33333,0.33333,0.33333
development-1802,0.33333,0.33333,0.33333
development-1803,0.33333,0.33333,0.33333
development-1804,0.33333,0.33333,0.33333
development-1805,0.33333,0.33333,0.33333
development-1806,0.33333,0.33333,0.33333
development-1807,0.33333,0.33333,0.33333
development-1808,0.33333,0.33333,0.33333
development-1809,0.33333,0.33333,0.33333
development-1810,0.33333,0.33333,0.33333
development-1811,0.33333,0.33333,0.33333
development-1812,0.33333,0.33333,0.33333
development-1813,0.33333,0.33333,0.33333
development-1814,0.33333,0.33333,0.33333
development-1815,0.33333,0.33333,0.33333
development-1816,0.33333,0.33333,0.33333
development-1817,0.33333,0.33333,0.33333
development-1818,0.33333,0.33333,0.33333
development-1819,0.33333,0.33333,0.33333
development-1820,0.33333,0.33333,0.33333
development-1821,0.33333,0.33333,0.33333
development-1822,0.33333,0.33333,0.33333
development-1823,0.33333,0.33333,0.33333
development-1824,0.33333,0.33333,0.33333
development-1825,0.33333,0.33333,0.33333
development-1826,0.33333,0.33333,0.33333
development-1827,0.33333,0.33333,0.33333
development-1828,0.33333,0.33333,0.33333
development-1829,0.33333,0.33333,0.33333
development-1830,0.33333,0.33333,0.33333
development-1831,0.33333,0.33333,0.33333
development-1832,0.33333,0.33333,0.33333
development-1833,0.33333,0.33333,0.33333
development-1834,0.33333,0.33333,0.33333
development-1835,0.33333,0.33333,0.33333
development-1836,0.33333,0.33333,0.33333
development-1837,0.33333,0.33333,0.33333
development-1838,0.33333,0.33333,0.33333
development-1839,0.33333,0.33333,0.33333
development-1840,0.33333,0.33333,0.33333
development-1841,0.33333,0.33333,0.33333
development-1842,0.33333,0.33333,0.33333
development-1843,0.33333,0.33333,0.33333
development-1844,0.33333,0.33333,0.33333
development-1845,0.33333,0.33333,0.33333
development-1846,0.33333,0.33333,0.33333
development-1847,0.33333,0.33333,0.33333
development-1848,0.33333,0.33333,0.33333
development-1849,0.33333,0.33333,0.33333
development-1850,0.33333,0.33333,0.33333
development-1851,0.33333,0.33333,0.33333
development-1852,0.33333,0.33333,0.33333
development-1853,0.33333,0.33333,0.33333
development-1854,0.33333,0.33333,0.33333
development-1855,0.33333,0.33333,0.33333
development-1856,0.33333,0.33333,0.33333
development-1857,0.33333,0.33333,0.33333
development-1858,0.33333,0.33333,0.33333
development-1859,0.33333,0.33333,0.33333
development-1860,0.33333,0.33333,0.33333
development-1861,0.33333,0.33333,0.33333
development-1862,0.33333,0.33333,0.33333
development-1863,0.33333,0.33333,0.33333
development-1864,0.33333,0.33333,0.33333
development-1865,0.33333,0.33333,0.33333
development-1866,0.33333,0.33333,0.33333
development-1867,0.33333,0.33333,0.33333
development-1868,0.33333,0.33333,0.33333
development-1869,0.33333,0.33333,0.33333
development-1870,0.33333,0.33333,0.33333
development-1871,0.33333,0.33333,0.33333
development-1872,0.33333,0.33333,0.33333
development-1873,0.33333,0.33333,0.33333
development-1874,0.33333,0.33333,0.33333
development-1875,0.33333,0.33333,0.33333
development-1876,0.33333,0.33333,0.33333
development-1877,0.33333,0.33333,0.33333
development-1878,0.33333,0.33333,0.33333
development-1879,0.33333,0.33333,0.33333
development-1880,0.33333,0.33333,0.33333
development-1881,0.33333,0.33333,0.33333
development-1882,0.33333,0.33333,0.33333
development-1883,0.33333,0.33333,0.33333
development-1884,0.33333,0.33333,0.33333
development-1885,0.33333,0.33333,0.33333
development-1886,0.33333,0.33333,0.33333
development-1887,0.33333,0.33333,0.33333
development-1888,0.33333,0.33333,0.33333
development-1889,0.33333,0.33333,0.33333
development-1890,0.33333,0.33333,0.33333
development-1891,0.33333,0.33333,0.33333
development-1892,0.33333,0.33333,0.33333
development-1893,0.33333,0.33333,0.33333
development-1894,0.33333,0.33333,0.33333
development-1895,0.33333,0.33333,0.33333
development-1896,0.33333,0.33333,0.33333
development-1897,0.33333,0.33333,0.33333
development-1898,0.33333,0.33333,0.33333
development-1899,0.33333,0.33333,0.33333
development-1900,0.33333,0.33333,0.33333
development-1901,0.33333,0.33333,0.33333
development-1902,0.33333,0.33333,0.33333
development-1903,0.33333,0.33333,0.33333
development-1904,0.33333,0.33333,0.33333
development-1905,0.33333,0.33333,0.33333
development-1906,0.33333,0.33333,0.33333
development-1907,0.33333,0.33333,0.33333
development-1908,0.33333,0.33333,0.33333
development-1909,0.33333,0.33333,0.33333
development-1910,0.33333,0.33333,0.33333
development-1911,0.33333,0.33333,0.33333
development-1912,0.33333,0.33333,0.33333
development-1913,0.33333,0.33333,0.33333
development-1914,0.33333,0.33333,0.33333
development-1915,0.33333,0.33333,0.33333
development-1916,0.33333,0.33333,0.33333
development-1917,0.33333,0.33333,0.33333
development-1918,0.33333,0.33333,0.33333
development-1919,0.33333,0.33333,0.33333
development-1920,0.33333,0.33333,0.33333
development-1921,0.33333,0.33333,0.33333
development-1922,0.33333,0.33333,0.33333
development-1923,0.33333,0.33333,0.33333
development-1924,0.33333,0.33333,0.33333
development-1925,0.33333,0.33333,0.33333
development-1926,0.33333,0.33333,0.33333
development-1927,0.33333,0.33333,0.33333
development-1928,0.33333,0.33333,0.33333
development-1929,0.33333,0.33333,0.33333
development-1930,0.33333,0.33333,0.33333
development-1931,0.33333,0.33333,0.33333
development-1932,0.33333,0.33333,0.33333
development-1933,0.33333,0.33333,0.33333
development-1934,0.33333,0.33333,0.33333
development-1935,0.33333,0.33333,0.33333
development-1936,0.33333,0.33333,0.33333
development-1937,0.33333,0.33333,0.33333
development-1938,0.33333,0.33333,0.33333
development-1939,0.33333,0.33333,0.33333
development-1940,0.33333,0.33333,0.33333
development-1941,0.33333,0.33333,0.33333
development-1942,0.33333,0.33333,0.33333
development-1943,0.33333,0.33333,0.33333
development-1944,0.33333,0.33333,0.33333
development-1945,0.33333,0.33333,0.33333
development-1946,0.33333,0.33333,0.33333
development-1947,0.33333,0.33333,0.33333
development-1948,0.33333,0.33333,0.33333
development-1949,0.33333,0.33333,0.33333
development-1950,0.33333,0.33333,0.33333
development-1951,0.33333,0.33333,0.33333
development-1952,0.33333,0.33333,0.33333
development-1953,0.33333,0.33333,0.33333
development-1954,0.33333,0.33333,0.33333
development-1955,0.33333,0.33333,0.33333
development-1956,0.33333,0.33333,0.33333
development-1957,0.33333,0.33333,0.33333
development-1958,0.33333,0.33333,0.33333
development-1959,0.33333,0.33333,0.33333
development-1960,0.33333,0.33333,0.33333
development-1961,0.33333,0.33333,0.33333
development-1962,0.33333,0.33333,0.33333
development-1963,0.33333,0.33333,0.33333
development-1964,0.33333,0.33333,0.33333
development-1965,0.33333,0.33333,0.33333
development-1966,0.33333,0.33333,0.33333
development-1967,0.33333,0.33333,0.33333
development-1968,0.33333,0.33333,0.33333
development-1969,0.33333,0.33333,0.33333
development-1970,0.33333,0.33333,0.33333
development-1971,0.33333,0.33333,0.33333
development-1972,0.33333,0.33333,0.33333
development-1973,0.33333,0.33333,0.33333
development-1974,0.33333,0.33333,0.33333
development-1975,0.33333,0.33333,0.33333
development-1976,0.33333,0.33333,0.33333
development-1977,0.33333,0.33333,0.33333
development-1978,0.33333,0.33333,0.33333
development-1979,0.33333,0.33333,0.33333
development-1980,0.33333,0.33333,0.33333
development-1981,0.33333,0.33333,0.33333
development-1982,0.33333,0.33333,0.33333
development-1983,0.33333,0.33333,0.33333
development-1984,0.33333,0.33333,0.33333
development-1985,0.33333,0.33333,0.33333
development-1986,0.33333,0.33333,0.33333
development-1987,0.33333,0.33333,0.33333
development-1988,0.33333,0.33333,0.33333
development-1989,0.33333,0.33333,0.33333
development-1990,0.33333,0.33333,0.33333
development-1991,0.33333,0.33333,0.33333
development-1992,0.33333,0.33333,0.33333
development-1993,0.33333,0.33333,0.33333
development-1994,0.33333,0.33333,0.33333
development-1995,0.33333,0.33333,0.33333
development-1996,0.33333,0.33333,0.33333
development-1997,0.33333,0.33333,0.33333
development-1998,0.33333,0.33333,0.33333
development-1999,0.33333,0.33333,0.33333
development-2000,0.33333,0.33333,0.33333
